{"cameraMode":{"drawMode":0,"name":"Shaded","section":"Shading Mode"},"sceneLighting":false,"audioPlay":false,"sceneViewState":{"m_AlwaysRefresh":false,"showFog":false,"showSkybox":false,"showFlares":false,"showImageEffects":false,"showParticleSystems":false,"showVisualEffectGraphs":true,"m_FxEnabled":false},"in2DMode":false,"pivot":{"x":0.2578796148300171,"y":0.24379169940948487,"z":-0.8952186107635498},"rotation":{"x":0.004163058008998632,"y":-0.996992826461792,"z":-0.06404551863670349,"w":-0.053107354789972308},"size":0.810581624507904,"orthographic":false}