{"cameraMode":{"drawMode":0,"name":"Shaded","section":"Shading Mode"},"sceneLighting":false,"audioPlay":false,"sceneViewState":{"m_AlwaysRefresh":false,"showFog":false,"showSkybox":false,"showFlares":false,"showImageEffects":false,"showParticleSystems":false,"showVisualEffectGraphs":true,"m_FxEnabled":false},"in2DMode":false,"pivot":{"x":0.00007903575897216797,"y":0.8380330801010132,"z":0.019119977951049806},"rotation":{"x":-0.011518342420458794,"y":-0.9884095191955566,"z":0.10900020599365235,"w":-0.10657058656215668},"size":1.3690142631530762,"orthographic":false}